Rank,Title,Genre,Director,Actor,Year,Rating,Votes
1,Guardians of the Galaxy,Action,James Gunn,Chris Pratt,2014,8.1,757074
2,Prometheus,Adventure,Ridley Scott,Noomi Rapace,2012,7,485820
3,Split,Horror,M. Night Shyamalan,James McAvoy,2016,7.3,157606
4,Sing,Animation,Christophe Lourdelet,Matthew McConaughey,2016,7.2,60545
5,Suicide Squad,Action,David Ayer,Will Smith,2016,6.2,393727
6,The Great Wall,Action,Yimou Zhang,Matt Damon,2016,6.1,56036
7,La La Land,Comedy,Damien Chazelle,Ryan Gosling,2016,8.3,258682
8,Mindhorn,Comedy,Sean Foley,Essie Davis,2016,6.4,2490
9,The Lost City of Z,Action,James Gray,Charlie Hunnam,2016,7.1,7188
10,Passengers,Adventure,Morten Tyldum,Jennifer Lawrence,2016,7,192177
11,Fantastic Beasts and Where to Find Them,Adventure,David Yates,Eddie Redmayne,2016,7.5,232072
12,Hidden Figures,Biography,Theodore Melfi,Taraji P. Henson,2016,7.8,93103
13,Rogue One,Action,Gareth Edwards,Felicity Jones,2016,7.9,323118
14,Moana,Animation,Ron Clements,Auli'i Cravalho,2016,7.7,118151
15,Colossal,Action,Nacho Vigalondo,Anne Hathaway,2016,6.4,8612
16,The Secret Life of Pets,Animation,Chris Renaud,Louis C.K.,2016,6.6,120259
17,Hacksaw Ridge,Biography,Mel Gibson,Andrew Garfield,2016,8.2,211760
18,Jason Bourne,Action,Paul Greengrass,Matt Damon,2016,6.7,150823
19,Lion,Biography,Garth Davis,Dev Patel,2016,8.1,102061
20,Arrival,Drama,Denis Villeneuve,Amy Adams,2016,8,340798
21,Gold,Adventure,Stephen Gaghan,Matthew McConaughey,2016,6.7,19053
22,Manchester by the Sea,Drama,Kenneth Lonergan,Casey Affleck,2016,7.9,134213
23,Hounds of Love,Crime,Ben Young,Emma Booth,2016,6.7,1115
24,Trolls,Animation,Walt Dohrn,Anna Kendrick,2016,6.5,38552
25,Independence Day: Resurgence,Action,Roland Emmerich,Liam Hemsworth,2016,5.3,127553
26,Paris pieds nus,Comedy,Dominique Abel,Fiona Gordon,2016,6.8,222
27,Bahubali: The Beginning,Action,S.S. Rajamouli,Prabhas,2015,8.3,76193
28,Dead Awake,Horror,Phillip Guzman,Jocelin Donahue,2016,4.7,523
29,Bad Moms,Comedy,Jon Lucas,Mila Kunis,2016,6.2,66540
30,Assassin's Creed,Action,Justin Kurzel,Michael Fassbender,2016,5.9,112813
31,Why Him?,Comedy,John Hamburg,Zoey Deutch,2016,6.3,48123
32,Nocturnal Animals,Drama,Tom Ford,Amy Adams,2016,7.5,126030
33,X-Men: Apocalypse,Action,Bryan Singer,James McAvoy,2016,7.1,275510
34,Deadpool,Action,Tim Miller,Ryan Reynolds,2016,8,627797
35,Resident Evil: The Final Chapter,Action,Paul W.S. Anderson,Milla Jovovich,2016,5.6,46165
36,Captain America: Civil War,Action,Anthony Russo,Chris Evans,2016,7.9,411656
37,Interstellar,Adventure,Christopher Nolan,Matthew McConaughey,2014,8.6,1047747
38,Doctor Strange,Action,Scott Derrickson,Benedict Cumberbatch,2016,7.6,293732
39,The Magnificent Seven,Action,Antoine Fuqua,Denzel Washington,2016,6.9,122853
40,5- 25- 77,Comedy,Patrick Read Johnson,John Francis Daley,2007,7.1,241
41,Sausage Party,Animation,Greg Tiernan,Seth Rogen,2016,6.3,120690
42,Moonlight,Drama,Barry Jenkins,Mahershala Ali,2016,7.5,135095
43,Don't Fuck in the Woods,Horror,Shawn Burkett,Brittany Blanton,2016,2.7,496
44,The Founder,Biography,John Lee Hancock,Michael Keaton,2016,7.2,37033
45,Lowriders,Drama,Ricardo de Montreuil,Gabriel Chavarria,2016,6.3,279
46,Pirates of the Caribbean: On Stranger Tides,Action,Rob Marshall,Johnny Depp,2011,6.7,395025
47,Miss Sloane,Drama,John Madden,Jessica Chastain,2016,7.3,17818
48,Fallen,Adventure,Scott Hicks,Hermione Corfield,2016,5.6,5103
49,Star Trek Beyond,Action,Justin Lin,Chris Pine,2016,7.1,164567
50,The Last Face,Drama,Sean Penn,Charlize Theron,2016,3.7,987
51,Star Wars: Episode VII - The Force Awakens,Action,J.J. Abrams,Daisy Ridley,2015,8.1,661608
52,Underworld: Blood Wars,Action,Anna Foerster,Kate Beckinsale,2016,5.8,41362
53,Mother's Day,Comedy,Garry Marshall,Jennifer Aniston,2016,5.6,20221
54,John Wick,Action,Chad Stahelski,Keanu Reeves,2014,7.2,321933
55,The Dark Knight,Action,Christopher Nolan,Christian Bale,2008,9,1791916
56,Silence,Adventure,Martin Scorsese,Andrew Garfield,2016,7.3,49190
57,Don't Breathe,Crime,Fede Alvarez,Stephen Lang,2016,7.2,121103
58,Me Before You,Drama,Thea Sharrock,Emilia Clarke,2016,7.4,113322
59,Their Finest,Comedy,Lone Scherfig,Gemma Arterton,2016,7,3739
60,Sully,Biography,Clint Eastwood,Tom Hanks,2016,7.5,137608
61,Batman v Superman: Dawn of Justice,Action,Zack Snyder,Ben Affleck,2016,6.7,472307
62,The Autopsy of Jane Doe,Horror,André Øvredal,Brian Cox,2016,6.8,35870
63,The Girl on the Train,Crime,Tate Taylor,Emily Blunt,2016,6.5,102177
64,Fifty Shades of Grey,Drama,Sam Taylor-Johnson,Dakota Johnson,2015,4.1,244474
65,The Prestige,Drama,Christopher Nolan,Christian Bale,2006,8.5,913152
66,Kingsman: The Secret Service,Action,Matthew Vaughn,Colin Firth,2014,7.7,440209
67,Patriots Day,Drama,Peter Berg,Mark Wahlberg,2016,7.4,39784
68,Mad Max: Fury Road,Action,George Miller,Tom Hardy,2015,8.1,632842
69,Wakefield,Drama,Robin Swicord,Bryan Cranston,2016,7.5,291
70,Deepwater Horizon,Action,Peter Berg,Mark Wahlberg,2016,7.2,89849
71,The Promise,Drama,Terry George,Oscar Isaac,2016,5.9,149791
72,Allied,Action,Robert Zemeckis,Brad Pitt,2016,7.1,78079
73,A Monster Calls,Drama,J.A. Bayona,Lewis MacDougall,2016,7.5,39134
74,Collateral Beauty,Drama,David Frankel,Will Smith,2016,6.8,43977
75,Zootopia,Animation,Byron Howard,Ginnifer Goodwin,2016,8.1,296853
76,Pirates of the Caribbean: At World's End,Action,Gore Verbinski,Johnny Depp,2007,7.1,498821
77,The Avengers,Action,Joss Whedon,Robert Downey Jr.,2012,8.1,1045588
78,Inglourious Basterds,Adventure,Quentin Tarantino,Brad Pitt,2009,8.3,959065
79,Pirates of the Caribbean: Dead Man's Chest,Action,Gore Verbinski,Johnny Depp,2006,7.3,552027
80,Ghostbusters,Action,Paul Feig,Melissa McCarthy,2016,5.3,147717
81,Inception,Action,Christopher Nolan,Leonardo DiCaprio,2010,8.8,1583625
82,Captain Fantastic,Comedy,Matt Ross,Viggo Mortensen,2016,7.9,105081
83,The Wolf of Wall Street,Biography,Martin Scorsese,Leonardo DiCaprio,2013,8.2,865134
84,Gone Girl,Crime,David Fincher,Ben Affleck,2014,8.1,636243
85,Furious Seven,Action,James Wan,Vin Diesel,2015,7.2,301249
86,Jurassic World,Action,Colin Trevorrow,Chris Pratt,2015,7,455169
87,Live by Night,Crime,Ben Affleck,Ben Affleck,2016,6.4,27869
88,Avatar,Action,James Cameron,Sam Worthington,2009,7.8,935408
89,The Hateful Eight,Crime,Quentin Tarantino,Samuel L. Jackson,2015,7.8,341170
90,The Accountant,Action,Gavin O'Connor,Ben Affleck,2016,7.4,162122
91,Prisoners,Crime,Denis Villeneuve,Hugh Jackman,2013,8.1,431185
92,Warcraft,Action,Duncan Jones,Travis Fimmel,2016,7,187547
93,The Help,Drama,Tate Taylor,Emma Stone,2011,8.1,342429
94,War Dogs,Comedy,Todd Phillips,Jonah Hill,2016,7.1,106463
95,Avengers: Age of Ultron,Action,Joss Whedon,Robert Downey Jr.,2015,7.4,516895
96,The Nice Guys,Action,Shane Black,Russell Crowe,2016,7.4,175067
97,Kimi no na wa,Animation,Makoto Shinkai,Ryûnosuke Kamiki,2016,8.6,34110
98,The Void,Horror,Jeremy Gillespie,Aaron Poole,2016,5.8,9247
99,Personal Shopper,Drama,Olivier Assayas,Kristen Stewart,2016,6.3,10181
100,The Departed,Crime,Martin Scorsese,Leonardo DiCaprio,2006,8.5,937414
101,Legend,Biography,Brian Helgeland,Tom Hardy,2015,7,108836
102,Thor,Action,Kenneth Branagh,Chris Hemsworth,2011,7,570814
103,The Martian,Adventure,Ridley Scott,Matt Damon,2015,8,556097
104,Contratiempo,Crime,Oriol Paulo,Mario Casas,2016,7.9,7204
105,The Man from U.N.C.L.E.,Action,Guy Ritchie,Henry Cavill,2015,7.3,202973
106,Hell or High Water,Crime,David Mackenzie,Chris Pine,2016,7.7,115546
107,The Comedian,Comedy,Taylor Hackford,Robert De Niro,2016,5.4,1954
108,The Legend of Tarzan,Action,David Yates,Alexander Skarsgård,2016,6.3,117590
109,All We Had,Drama,Katie Holmes,Eve Lindley,2016,5.8,1004
110,Ex Machina,Drama,Alex Garland,Alicia Vikander,2014,7.7,339797
111,The Belko Experiment,Action,Greg McLean,John Gallagher Jr.,2016,6.3,3712
112,12 Years a Slave,Biography,Steve McQueen,Chiwetel Ejiofor,2013,8.1,486338
113,The Bad Batch,Romance,Ana Lily Amirpour,Keanu Reeves,2016,6.1,512
114,300,Action,Zack Snyder,Gerard Butler,2006,7.7,637104
115,Harry Potter and the Deathly Hallows: Part 2,Adventure,David Yates,Daniel Radcliffe,2011,8.1,590595
116,Office Christmas Party,Comedy,Josh Gordon,Jason Bateman,2016,5.8,30761
117,The Neon Demon,Horror,Nicolas Winding Refn,Elle Fanning,2016,6.2,50359
118,Dangal,Action,Nitesh Tiwari,Aamir Khan,2016,8.8,48969
119,10 Cloverfield Lane,Drama,Dan Trachtenberg,John Goodman,2016,7.2,192968
120,Finding Dory,Animation,Andrew Stanton,Ellen DeGeneres,2016,7.4,157026
121,Miss Peregrine's Home for Peculiar Children,Adventure,Tim Burton,Eva Green,2016,6.7,101058
122,Divergent,Adventure,Neil Burger,Shailene Woodley,2014,6.7,362093
123,Mike and Dave Need Wedding Dates,Adventure,Jake Szymanski,Zac Efron,2016,6,53183
124,Boyka: Undisputed IV,Action,Todor Chapkanov,Scott Adkins,2016,7.4,10428
125,The Dark Knight Rises,Action,Christopher Nolan,Christian Bale,2012,8.5,1222645
126,The Jungle Book,Adventure,Jon Favreau,Neel Sethi,2016,7.5,198243
127,Transformers: Age of Extinction,Action,Michael Bay,Mark Wahlberg,2014,5.7,255483
128,Nerve,Adventure,Henry Joost,Emma Roberts,2016,6.6,69651
129,Mamma Mia!,Comedy,Phyllida Lloyd,Meryl Streep,2008,6.4,153481
130,The Revenant,Adventure,Alejandro González Iñárritu,Leonardo DiCaprio,2015,8,499424
131,Fences,Drama,Denzel Washington,Denzel Washington,2016,7.3,50953
132,Into the Woods,Adventure,Rob Marshall,Anna Kendrick,2014,6,109756
133,The Shallows,Drama,Jaume Collet-Serra,Blake Lively,2016,6.4,78328
134,Whiplash,Drama,Damien Chazelle,Miles Teller,2014,8.5,477276
135,Furious 6,Action,Justin Lin,Vin Diesel,2013,7.1,318051
136,The Place Beyond the Pines,Crime,Derek Cianfrance,Ryan Gosling,2012,7.3,200090
137,No Country for Old Men,Crime,Ethan Coen,Tommy Lee Jones,2007,8.1,660286
138,The Great Gatsby,Drama,Baz Luhrmann,Leonardo DiCaprio,2013,7.3,386102
139,Shutter Island,Mystery,Martin Scorsese,Leonardo DiCaprio,2010,8.1,855604
140,Brimstone,Mystery,Martin Koolhoven,Dakota Fanning,2016,7.1,13004
141,Star Trek,Action,J.J. Abrams,Chris Pine,2009,8,526324
142,Diary of a Wimpy Kid,Comedy,Thor Freudenthal,Zachary Gordon,2010,6.2,34184
143,The Big Short,Biography,Adam McKay,Christian Bale,2015,7.8,246360
144,Room,Drama,Lenny Abrahamson,Brie Larson,2015,8.2,224132
145,Django Unchained,Drama,Quentin Tarantino,Jamie Foxx,2012,8.4,1039115
146,Ah-ga-ssi,Drama,Chan-wook Park,Min-hee Kim,2016,8.1,33418
147,The Edge of Seventeen,Comedy,Kelly Fremon Craig,Hailee Steinfeld,2016,7.4,47694
148,Watchmen,Action,Zack Snyder,Jackie Earle Haley,2009,7.6,410249
149,Superbad,Comedy,Greg Mottola,Michael Cera,2007,7.6,442082
150,Inferno,Action,Ron Howard,Tom Hanks,2016,6.2,97623
151,The BFG,Adventure,Steven Spielberg,Mark Rylance,2016,6.4,50853
152,The Hunger Games,Adventure,Gary Ross,Jennifer Lawrence,2012,7.2,735604
153,White Girl,Drama,Elizabeth Wood,Morgan Saylor,2016,5.8,4299
154,Sicario,Action,Denis Villeneuve,Emily Blunt,2015,7.6,243230
155,Twin Peaks: The Missing Pieces,Drama,David Lynch,Chris Isaak,2014,8.1,1973
156,Aliens vs Predator - Requiem,Action,Colin Strause,Reiko Aylesworth,2007,4.7,97618
157,Pacific Rim,Action,Guillermo del Toro,Idris Elba,2013,7,400519
158,"Crazy, Stupid, Love.",Comedy,Glenn Ficarra,Steve Carell,2011,7.4,396714
159,Scott Pilgrim vs. the World,Action,Edgar Wright,Michael Cera,2010,7.5,291457
160,Hot Fuzz,Action,Edgar Wright,Simon Pegg,2007,7.9,373244
161,Mine,Thriller,Fabio Guaglione,Armie Hammer,2016,6,5926
162,Free Fire,Action,Ben Wheatley,Sharlto Copley,2016,7,6946
163,X-Men: Days of Future Past,Action,Bryan Singer,Patrick Stewart,2014,8,552298
164,Jack Reacher: Never Go Back,Action,Edward Zwick,Tom Cruise,2016,6.1,78043
165,Casino Royale,Action,Martin Campbell,Daniel Craig,2006,8,495106
166,Twilight,Drama,Catherine Hardwicke,Kristen Stewart,2008,5.2,361449
167,Now You See Me 2,Action,Jon M. Chu,Jesse Eisenberg,2016,6.5,156567
168,Woman in Gold,Biography,Simon Curtis,Helen Mirren,2015,7.3,39723
169,13 Hours,Action,Michael Bay,John Krasinski,2016,7.3,76935
170,Spectre,Action,Sam Mendes,Daniel Craig,2015,6.8,308981
171,Nightcrawler,Crime,Dan Gilroy,Jake Gyllenhaal,2014,7.9,332476
172,Kubo and the Two Strings,Animation,Travis Knight,Charlize Theron,2016,7.9,72778
173,Beyond the Gates,Adventure,Jackson Stewart,Graham Skipper,2016,5.2,2127
174,Her,Drama,Spike Jonze,Joaquin Phoenix,2013,8,390531
175,Frozen,Animation,Chris Buck,Kristen Bell,2013,7.5,451894
176,Tomorrowland,Action,Brad Bird,George Clooney,2015,6.5,143069
177,Dawn of the Planet of the Apes,Action,Matt Reeves,Gary Oldman,2014,7.6,337777
178,Tropic Thunder,Action,Ben Stiller,Ben Stiller,2008,7,321442
179,The Conjuring 2,Horror,James Wan,Vera Farmiga,2016,7.4,137203
180,Ant-Man,Action,Peyton Reed,Paul Rudd,2015,7.3,368912
181,Bridget Jones's Baby,Comedy,Sharon Maguire,Renée Zellweger,2016,6.7,43086
182,The VVitch: A New-England Folktale,Horror,Robert Eggers,Anya Taylor-Joy,2015,6.8,101781
183,Cinderella,Drama,Kenneth Branagh,Lily James,2015,7,117018
184,Realive,Sci-Fi,Mateo Gil,Tom Hughes,2016,5.9,1176
185,Forushande,Drama,Asghar Farhadi,Taraneh Alidoosti,2016,8,22389
186,Love,Drama,Gaspar Noé,Aomi Muyock,2015,6,24003
187,Billy Lynn's Long Halftime Walk,Drama,Ang Lee,Joe Alwyn,2016,6.3,11944
188,Crimson Peak,Drama,Guillermo del Toro,Mia Wasikowska,2015,6.6,97454
189,Drive,Crime,Nicolas Winding Refn,Ryan Gosling,2011,7.8,461509
190,Trainwreck,Comedy,Judd Apatow,Amy Schumer,2015,6.3,106364
191,The Light Between Oceans,Drama,Derek Cianfrance,Michael Fassbender,2016,7.2,27382
192,Below Her Mouth,Drama,April Mullen,Erika Linder,2016,5.6,1445
193,Spotlight,Crime,Tom McCarthy,Mark Ruffalo,2015,8.1,268282
194,Morgan,Horror,Luke Scott,Kate Mara,2016,5.8,22107
195,Warrior,Action,Gavin O'Connor,Tom Hardy,2011,8.2,355722
196,Captain America: The First Avenger,Action,Joe Johnston,Chris Evans,2011,6.9,547368
197,Hacker,Crime,Akan Satayev,Callan McAuliffe,2016,6.3,3799
198,Into the Wild,Adventure,Sean Penn,Emile Hirsch,2007,8.1,459304
199,The Imitation Game,Biography,Morten Tyldum,Benedict Cumberbatch,2014,8.1,532353
200,Central Intelligence,Action,Rawson Marshall Thurber,Dwayne Johnson,2016,6.3,97082
201,Edge of Tomorrow,Action,Doug Liman,Tom Cruise,2014,7.9,471815
202,A Cure for Wellness,Drama,Gore Verbinski,Dane DeHaan,2016,6.5,12193
203,Snowden,Biography,Oliver Stone,Joseph Gordon-Levitt,2016,7.3,79855
204,Iron Man,Action,Jon Favreau,Robert Downey Jr.,2008,7.9,737719
205,Allegiant,Action,Robert Schwentke,Shailene Woodley,2016,5.7,70504
206,X: First Class,Action,Matthew Vaughn,James McAvoy,2011,7.8,550011
207,Raw (II),Drama,Julia Ducournau,Garance Marillier,2016,7.5,5435
208,Paterson,Comedy,Jim Jarmusch,Adam Driver,2016,7.5,26089
209,Bridesmaids,Comedy,Paul Feig,Kristen Wiig,2011,6.8,227912
210,The Girl with All the Gifts,Drama,Colm McCarthy,Gemma Arterton,2016,6.7,23713
211,San Andreas,Action,Brad Peyton,Dwayne Johnson,2015,6.1,161396
212,Spring Breakers,Drama,Harmony Korine,Vanessa Hudgens,2012,5.3,114290
213,Transformers,Action,Michael Bay,Shia LaBeouf,2007,7.1,531112
214,Old Boy,Action,Spike Lee,Josh Brolin,2013,5.8,54679
215,Thor: The Dark World,Action,Alan Taylor,Chris Hemsworth,2013,7,443584
216,Gods of Egypt,Action,Alex Proyas,Brenton Thwaites,2016,5.5,73568
217,Captain America: The Winter Soldier,Action,Anthony Russo,Chris Evans,2014,7.8,542362
218,Monster Trucks,Action,Chris Wedge,Lucas Till,2016,5.7,7044
219,A Dark Song,Drama,Liam Gavin,Mark Huberman,2016,6.1,1703
220,Kick-Ass,Action,Matthew Vaughn,Aaron Taylor-Johnson,2010,7.7,456749
221,Hardcore Henry,Action,Ilya Naishuller,Sharlto Copley,2015,6.7,61098
222,Cars,Animation,John Lasseter,Owen Wilson,2006,7.1,283445
223,It Follows,Horror,David Robert Mitchell,Maika Monroe,2014,6.9,136399
224,The Girl with the Dragon Tattoo,Crime,David Fincher,Daniel Craig,2011,7.8,348551
225,We're the Millers,Comedy,Rawson Marshall Thurber,Jason Sudeikis,2013,7,334867
226,American Honey,Drama,Andrea Arnold,Sasha Lane,2016,7,19660
227,The Lobster,Comedy,Yorgos Lanthimos,Colin Farrell,2015,7.1,121313
228,Predators,Action,Nimród Antal,Adrien Brody,2010,6.4,179450
229,Maleficent,Action,Robert Stromberg,Angelina Jolie,2014,7,268877
230,Rupture,Horror,Steven Shainberg,Noomi Rapace,2016,4.8,2382
231,Pan's Labyrinth,Drama,Guillermo del Toro,Ivana Baquero,2006,8.2,498879
232,A Kind of Murder,Crime,Andy Goddard,Patrick Wilson,2016,5.2,3305
233,Apocalypto,Action,Mel Gibson,Gerardo Taracena,2006,7.8,247926
234,Mission: Impossible - Rogue Nation,Action,Christopher McQuarrie,Tom Cruise,2015,7.4,257472
235,The Huntsman: Winter's War,Action,Cedric Nicolas-Troyan,Chris Hemsworth,2016,6.1,66766
236,The Perks of Being a Wallflower,Drama,Stephen Chbosky,Logan Lerman,2012,8,377336
237,Jackie,Biography,Pablo Larraín,Natalie Portman,2016,6.8,41446
238,The Disappointments Room,Drama,D.J. Caruso,Kate Beckinsale,2016,3.9,4895
239,The Grand Budapest Hotel,Adventure,Wes Anderson,Ralph Fiennes,2014,8.1,530881
240,The Host,Action,Andrew Niccol,Saoirse Ronan,2013,5.9,96852
241,Fury,Action,David Ayer,Brad Pitt,2014,7.6,332234
242,Inside Out,Animation,Pete Docter,Amy Poehler,2015,8.2,416689
243,Rock Dog,Animation,Ash Brannon,Luke Wilson,2016,5.8,1109
244,Terminator Genisys,Action,Alan Taylor,Arnold Schwarzenegger,2015,6.5,205365
245,Percy Jackson & the Olympians: The Lightning Thief,Adventure,Chris Columbus,Logan Lerman,2010,5.9,148949
246,Les Misérables,Drama,Tom Hooper,Hugh Jackman,2012,7.6,257426
247,Children of Men,Drama,Alfonso Cuarón,Julianne Moore,2006,7.9,382910
248,20th Century Women,Comedy,Mike Mills,Annette Bening,2016,7.4,14708
249,Spy,Action,Paul Feig,Melissa McCarthy,2015,7.1,188017
250,The Intouchables,Biography,Olivier Nakache,François Cluzet,2011,8.6,557965
251,Bonjour Anne,Comedy,Eleanor Coppola,Diane Lane,2016,4.9,178
252,Kynodontas,Drama,Yorgos Lanthimos,Christos Stergioglou,2009,7.3,50946
253,Straight Outta Compton,Biography,F. Gary Gray,O'Shea Jackson Jr.,2015,7.9,139831
254,The Amazing Spider-Man 2,Action,Marc Webb,Andrew Garfield,2014,6.7,342183
255,The Conjuring,Horror,James Wan,Patrick Wilson,2013,7.5,330305
256,The Hangover,Comedy,Todd Phillips,Zach Galifianakis,2009,7.8,611563
257,Battleship,Action,Peter Berg,Alexander Skarsgård,2012,5.8,210349
258,Rise of the Planet of the Apes,Action,Rupert Wyatt,James Franco,2011,7.6,422290
259,Lights Out,Horror,David F. Sandberg,Teresa Palmer,2016,6.4,69823
260,Norman: The Moderate Rise and Tragic Fall of a New York Fixer,Drama,Joseph Cedar,Richard Gere,2016,7.1,664
261,Birdman or (The Unexpected Virtue of Ignorance),Comedy,Alejandro González Iñárritu,Michael Keaton,2014,7.8,440299
262,Black Swan,Drama,Darren Aronofsky,Natalie Portman,2010,8,581518
263,Dear White People,Comedy,Justin Simien,Tyler James Williams,2014,6.2,21715
264,Nymphomaniac: Vol. I,Drama,Lars von Trier,Charlotte Gainsbourg,2013,7,90556
265,Teenage Mutant Ninja Turtles: Out of the Shadows,Action,Dave Green,Megan Fox,2016,6,59312
266,Knock Knock,Drama,Eli Roth,Keanu Reeves,2015,4.9,53441
267,Dirty Grandpa,Comedy,Dan Mazer,Robert De Niro,2016,6,75137
268,Cloud Atlas,Drama,Tom Tykwer,Tom Hanks,2012,7.5,298651
269,X-Men Origins: Wolverine,Action,Gavin Hood,Hugh Jackman,2009,6.7,388447
270,Satanic,Horror,Jeffrey G. Hunt,Sarah Hyland,2016,3.7,2384
271,Skyfall,Action,Sam Mendes,Daniel Craig,2012,7.8,547386
272,The Hobbit: An Unexpected Journey,Adventure,Peter Jackson,Martin Freeman,2012,7.9,668651
273,21 Jump Street,Action,Phil Lord,Jonah Hill,2012,7.2,432046
274,Sing Street,Comedy,John Carney,Ferdia Walsh-Peelo,2016,8,52144
275,Ballerina,Animation,Eric Summer,Elle Fanning,2016,6.8,4729
276,Oblivion,Action,Joseph Kosinski,Tom Cruise,2013,7,410125
277,22 Jump Street,Action,Phil Lord,Channing Tatum,2014,7.1,280110
278,Zodiac,Crime,David Fincher,Jake Gyllenhaal,2007,7.7,329683
279,Everybody Wants Some!!,Comedy,Richard Linklater,Blake Jenner,2016,7,36312
280,Iron Man Three,Action,Shane Black,Robert Downey Jr.,2013,7.2,591023
281,Now You See Me,Crime,Louis Leterrier,Jesse Eisenberg,2013,7.3,492324
282,Sherlock Holmes,Action,Guy Ritchie,Robert Downey Jr.,2009,7.6,501769
283,Death Proof,Thriller,Quentin Tarantino,Kurt Russell,2007,7.1,220236
284,The Danish Girl,Biography,Tom Hooper,Eddie Redmayne,2015,7,110773
285,Hercules,Action,Brett Ratner,Dwayne Johnson,2014,6,122838
286,Sucker Punch,Action,Zack Snyder,Emily Browning,2011,6.1,204874
287,Keeping Up with the Joneses,Action,Greg Mottola,Zach Galifianakis,2016,5.8,30405
288,Jupiter Ascending,Action,Lana Wachowski,Channing Tatum,2015,5.3,150121
289,Masterminds,Action,Jared Hess,Zach Galifianakis,2016,5.8,26508
290,Iris,Thriller,Jalil Lespert,Romain Duris,2016,6.1,726
291,Busanhaeng,Action,Sang-ho Yeon,Yoo Gong,2016,7.5,58782
292,Pitch Perfect,Comedy,Jason Moore,Anna Kendrick,2012,7.2,226631
293,Neighbors 2: Sorority Rising,Comedy,Nicholas Stoller,Seth Rogen,2016,5.7,76327
294,The Exception,Drama,David Leveaux,Lily James,2016,7.7,96
295,Man of Steel,Action,Zack Snyder,Henry Cavill,2013,7.1,577010
296,The Choice,Drama,Ross Katz,Benjamin Walker,2016,6.6,20514
297,Ice Age: Collision Course,Animation,Mike Thurmeier,Ray Romano,2016,5.7,34523
298,The Devil Wears Prada,Comedy,David Frankel,Anne Hathaway,2006,6.8,302268
299,The Infiltrator,Biography,Brad Furman,Bryan Cranston,2016,7.1,43929
300,There Will Be Blood,Drama,Paul Thomas Anderson,Daniel Day-Lewis,2007,8.1,400682
301,The Equalizer,Action,Antoine Fuqua,Denzel Washington,2014,7.2,249425
302,Lone Survivor,Action,Peter Berg,Mark Wahlberg,2013,7.5,218996
303,The Cabin in the Woods,Horror,Drew Goddard,Kristen Connolly,2012,7,295554
304,The House Bunny,Comedy,Fred Wolf,Anna Faris,2008,5.5,67033
305,She's Out of My League,Comedy,Jim Field Smith,Jay Baruchel,2010,6.4,105619
306,Inherent Vice,Comedy,Paul Thomas Anderson,Joaquin Phoenix,2014,6.7,69509
307,Alice Through the Looking Glass,Adventure,James Bobin,Mia Wasikowska,2016,6.2,57207
308,Vincent N Roxxy,Crime,Gary Michael Schultz,Emile Hirsch,2016,5.5,403
309,The Fast and the Furious: Tokyo Drift,Action,Justin Lin,Lucas Black,2006,6,193479
310,How to Be Single,Comedy,Christian Ditter,Dakota Johnson,2016,6.1,59886
311,The Blind Side,Biography,John Lee Hancock,Quinton Aaron,2009,7.7,237221
312,La vie d'Adèle,Drama,Abdellatif Kechiche,Léa Seydoux,2013,7.8,103150
313,The Babadook,Drama,Jennifer Kent,Essie Davis,2014,6.8,132580
314,The Hobbit: The Battle of the Five Armies,Adventure,Peter Jackson,Ian McKellen,2014,7.4,385598
315,Harry Potter and the Order of the Phoenix,Adventure,David Yates,Daniel Radcliffe,2007,7.5,385325
316,Snowpiercer,Action,Bong Joon Ho,Chris Evans,2013,7,199048
317,The 5th Wave,Action,J Blakeson,Chloë Grace Moretz,2016,5.2,73093
318,The Stakelander,Action,Dan Berk,Connor Paolo,2016,5.3,1263
319,The Visit,Comedy,M. Night Shyamalan,Olivia DeJonge,2015,6.2,81429
320,Fast Five,Action,Justin Lin,Vin Diesel,2011,7.3,300803
321,Step Up,Crime,Anne Fletcher,Channing Tatum,2006,6.5,95960
322,Lovesong,Drama,So Yong Kim,Riley Keough,2016,6.4,616
323,RocknRolla,Action,Guy Ritchie,Gerard Butler,2008,7.3,203096
324,In Time,Action,Andrew Niccol,Justin Timberlake,2011,6.7,319025
325,The Social Network,Biography,David Fincher,Jesse Eisenberg,2010,7.7,510100
326,The Last Witch Hunter,Action,Breck Eisner,Vin Diesel,2015,6,71149
327,Victor Frankenstein,Drama,Paul McGuigan,Daniel Radcliffe,2015,6,37975
328,A Street Cat Named Bob,Biography,Roger Spottiswoode,Luke Treadaway,2016,7.4,12643
329,Green Room,Crime,Jeremy Saulnier,Anton Yelchin,2015,7,62885
330,Blackhat,Crime,Michael Mann,Chris Hemsworth,2015,5.4,43085
331,Storks,Animation,Nicholas Stoller,Andy Samberg,2016,6.9,34248
332,American Sniper,Action,Clint Eastwood,Bradley Cooper,2014,7.3,353305
333,Dallas Buyers Club,Biography,Jean-Marc Vallée,Matthew McConaughey,2013,8,352801
334,Lincoln,Biography,Steven Spielberg,Daniel Day-Lewis,2012,7.4,207497
335,Rush,Action,Ron Howard,Daniel Brühl,2013,8.1,339722
336,Before I Wake,Drama,Mike Flanagan,Kate Bosworth,2016,6.1,18201
337,Silver Linings Playbook,Comedy,David O. Russell,Bradley Cooper,2012,7.8,564364
338,Tracktown,Drama,Alexi Pappas,Alexi Pappas,2016,5.9,115
339,The Fault in Our Stars,Drama,Josh Boone,Shailene Woodley,2014,7.8,271301
340,Blended,Comedy,Frank Coraci,Adam Sandler,2014,6.5,93764
341,Fast & Furious,Action,Justin Lin,Vin Diesel,2009,6.6,217464
342,Looper,Action,Rian Johnson,Joseph Gordon-Levitt,2012,7.4,452369
343,White House Down,Action,Roland Emmerich,Channing Tatum,2013,6.4,173320
344,Pete's Dragon,Adventure,David Lowery,Bryce Dallas Howard,2016,6.8,36322
345,Spider-Man 3,Action,Sam Raimi,Tobey Maguire,2007,6.2,406219
346,The Three Musketeers,Action,Paul W.S. Anderson,Logan Lerman,2011,5.8,92329
347,Stardust,Adventure,Matthew Vaughn,Charlie Cox,2007,7.7,220664
348,American Hustle,Crime,David O. Russell,Christian Bale,2013,7.3,379088
349,Jennifer's Body,Comedy,Karyn Kusama,Megan Fox,2009,5.1,96617
350,Midnight in Paris,Comedy,Woody Allen,Owen Wilson,2011,7.7,320323
351,Lady Macbeth,Drama,William Oldroyd,Florence Pugh,2016,7.3,1396
352,Joy,Drama,David O. Russell,Jennifer Lawrence,2015,6.6,97679
353,The Dressmaker,Comedy,Jocelyn Moorhouse,Kate Winslet,2015,7.1,33352
354,Café Society,Comedy,Woody Allen,Jesse Eisenberg,2016,6.7,45579
355,Insurgent,Adventure,Robert Schwentke,Shailene Woodley,2015,6.3,171970
356,Seventh Son,Action,Sergei Bodrov,Ben Barnes,2014,5.5,59958
357,Demain tout commence,Comedy,Hugo Gélin,Omar Sy,2016,7.4,5496
358,The Theory of Everything,Biography,James Marsh,Eddie Redmayne,2014,7.7,299718
359,This Is the End,Comedy,Evan Goldberg,James Franco,2013,6.6,327838
360,About Time,Comedy,Richard Curtis,Domhnall Gleeson,2013,7.8,221600
361,Step Brothers,Comedy,Adam McKay,Will Ferrell,2008,6.9,223065
362,Clown,Horror,Jon Watts,Andy Powers,2014,5.7,14248
363,Star Trek Into Darkness,Action,J.J. Abrams,Chris Pine,2013,7.8,417663
364,Zombieland,Adventure,Ruben Fleischer,Jesse Eisenberg,2009,7.7,409403
365,"Hail, Caesar!",Comedy,Ethan Coen,Josh Brolin,2016,6.3,89059
366,Slumdog Millionaire,Drama,Danny Boyle,Dev Patel,2008,8,677044
367,The Twilight Saga: Breaking Dawn - Part 2,Adventure,Bill Condon,Kristen Stewart,2012,5.5,194329
368,American Wrestler: The Wizard,Drama,Alex Ranarivelo,William Fichtner,2016,6.9,286
369,The Amazing Spider-Man,Action,Marc Webb,Andrew Garfield,2012,7,474320
370,Ben-Hur,Action,Timur Bekmambetov,Jack Huston,2016,5.7,28326
371,Sleight,Action,J.D. Dillard,Jacob Latimore,2016,6,702
372,The Maze Runner,Action,Wes Ball,Dylan O'Brien,2014,6.8,335531
373,Criminal,Action,Ariel Vromen,Kevin Costner,2016,6.3,38430
374,Wanted,Action,Timur Bekmambetov,Angelina Jolie,2008,6.7,312495
375,Florence Foster Jenkins,Biography,Stephen Frears,Meryl Streep,2016,6.9,31776
376,Collide,Action,Eran Creevy,Nicholas Hoult,2016,5.7,7583
377,Black Mass,Biography,Scott Cooper,Johnny Depp,2015,6.9,135706
378,Creed,Drama,Ryan Coogler,Michael B. Jordan,2015,7.6,175673
379,Swiss Army Man,Adventure,Dan Kwan,Paul Dano,2016,7.1,61812
380,The Expendables 3,Action,Patrick Hughes,Sylvester Stallone,2014,6.1,137568
381,What We Do in the Shadows,Comedy,Jemaine Clement,Jemaine Clement,2014,7.6,84016
382,Southpaw,Drama,Antoine Fuqua,Jake Gyllenhaal,2015,7.4,169083
383,Hush,Horror,Mike Flanagan,John Gallagher Jr.,2016,6.6,45867
384,Bridge of Spies,Drama,Steven Spielberg,Tom Hanks,2015,7.6,217938
385,The Lego Movie,Animation,Phil Lord,Chris Pratt,2014,7.8,266508
386,Everest,Action,Baltasar Kormákur,Jason Clarke,2015,7.1,154647
387,Pixels,Action,Chris Columbus,Adam Sandler,2015,5.6,101092
388,Robin Hood,Action,Ridley Scott,Russell Crowe,2010,6.7,221117
389,The Wolverine,Action,James Mangold,Hugh Jackman,2013,6.7,355362
390,John Carter,Action,Andrew Stanton,Taylor Kitsch,2012,6.6,220667
391,Keanu,Action,Peter Atencio,Keegan-Michael Key,2016,6.3,31913
392,The Gunman,Action,Pierre Morel,Sean Penn,2015,5.8,31194
393,Steve Jobs,Biography,Danny Boyle,Michael Fassbender,2015,7.2,116112
394,Whisky Galore,Comedy,Gillies MacKinnon,Tim Pigott-Smith,2016,5,102
395,Grown Ups 2,Comedy,Dennis Dugan,Adam Sandler,2013,5.4,114482
396,The Age of Adaline,Drama,Lee Toland Krieger,Blake Lively,2015,7.2,112288
397,The Incredible Hulk,Action,Louis Leterrier,Edward Norton,2008,6.8,342355
398,Couples Retreat,Comedy,Peter Billingsley,Vince Vaughn,2009,5.5,86417
399,Absolutely Anything,Comedy,Terry Jones,Simon Pegg,2015,6,26587
400,Magic Mike,Comedy,Steven Soderbergh,Channing Tatum,2012,6.1,113686
401,Minions,Animation,Kyle Balda,Sandra Bullock,2015,6.4,159830
402,The Black Room,Horror,Rolfe Kanefsky,Natasha Henstridge,2016,3.9,240
403,Bronson,Action,Nicolas Winding Refn,Tom Hardy,2008,7.1,93972
404,Despicable Me,Animation,Pierre Coffin,Steve Carell,2010,7.7,410607
405,The Best of Me,Drama,Michael Hoffman,James Marsden,2014,6.7,49041
406,The Invitation,Drama,Karyn Kusama,Logan Marshall-Green,2015,6.7,40529
407,Zero Dark Thirty,Drama,Kathryn Bigelow,Jessica Chastain,2012,7.4,226661
408,Tangled,Animation,Nathan Greno,Mandy Moore,2010,7.8,316459
409,The Hunger Games: Mockingjay - Part 2,Action,Francis Lawrence,Jennifer Lawrence,2015,6.6,202380
410,Vacation,Adventure,John Francis Daley,Ed Helms,2015,6.1,74589
411,Taken,Action,Pierre Morel,Liam Neeson,2008,7.8,502961
412,Pitch Perfect 2,Comedy,Elizabeth Banks,Anna Kendrick,2015,6.5,108306
413,Monsters University,Animation,Dan Scanlon,Billy Crystal,2013,7.3,252119
414,Elle,Crime,Paul Verhoeven,Isabelle Huppert,2016,7.2,35417
415,Mechanic: Resurrection,Action,Dennis Gansel,Jason Statham,2016,5.6,48161
416,Tusk,Comedy,Kevin Smith,Justin Long,2014,5.4,34546
417,The Headhunter's Calling,Drama,Mark Williams,Alison Brie,2016,6.9,164
418,Atonement,Drama,Joe Wright,Keira Knightley,2007,7.8,202890
419,Harry Potter and the Deathly Hallows: Part 1,Adventure,David Yates,Daniel Radcliffe,2010,7.7,357213
420,Shame,Drama,Steve McQueen,Michael Fassbender,2011,7.2,155010
421,Hanna,Action,Joe Wright,Saoirse Ronan,2011,6.8,164208
422,The Babysitters,Drama,David Ross,Lauren Birkell,2007,5.7,8914
423,Pride and Prejudice and Zombies,Action,Burr Steers,Lily James,2016,5.8,35003
424,300: Rise of an Empire,Action,Noam Murro,Sullivan Stapleton,2014,6.2,237887
425,London Has Fallen,Action,Babak Najafi,Gerard Butler,2016,5.9,100702
426,The Curious Case of Benjamin Button,Drama,David Fincher,Brad Pitt,2008,7.8,485075
427,Sin City: A Dame to Kill For,Action,Frank Miller,Mickey Rourke,2014,6.5,122185
428,The Bourne Ultimatum,Action,Paul Greengrass,Matt Damon,2007,8.1,525700
429,Srpski film,Horror,Srdjan Spasojevic,Srdjan 'Zika' Todorovic,2010,5.2,43648
430,The Purge: Election Year,Action,James DeMonaco,Frank Grillo,2016,6,54216
431,3 Idiots,Comedy,Rajkumar Hirani,Aamir Khan,2009,8.4,238789
432,Zoolander 2,Comedy,Ben Stiller,Ben Stiller,2016,4.7,48297
433,World War Z,Action,Marc Forster,Brad Pitt,2013,7,494819
434,Mission: Impossible - Ghost Protocol,Action,Brad Bird,Tom Cruise,2011,7.4,382459
435,Let Me Make You a Martyr,Action,Corey Asraf,Marilyn Manson,2016,6.4,223
436,Filth,Comedy,Jon S. Baird,James McAvoy,2013,7.1,81301
437,The Longest Ride,Drama,George Tillman Jr.,Scott Eastwood,2015,7.1,58421
438,The imposible,Drama,J.A. Bayona,Naomi Watts,2012,7.6,156189
439,Kick-Ass 2,Action,Jeff Wadlow,Aaron Taylor-Johnson,2013,6.6,214825
440,Folk Hero & Funny Guy,Comedy,Jeff Grace,Alex Karpovsky,2016,5.6,220
441,Oz the Great and Powerful,Adventure,Sam Raimi,James Franco,2013,6.3,181521
442,Brooklyn,Drama,John Crowley,Saoirse Ronan,2015,7.5,94977
443,Coraline,Animation,Henry Selick,Dakota Fanning,2009,7.7,156620
444,Blue Valentine,Drama,Derek Cianfrance,Ryan Gosling,2010,7.4,151409
445,The Thinning,Thriller,Michael J. Gallagher,Logan Paul,2016,6,4531
446,Silent Hill,Adventure,Christophe Gans,Radha Mitchell,2006,6.6,184152
447,Dredd,Action,Pete Travis,Karl Urban,2012,7.1,213764
448,Hunt for the Wilderpeople,Adventure,Taika Waititi,Sam Neill,2016,7.9,52331
449,Big Hero 6,Animation,Don Hall,Ryan Potter,2014,7.8,309186
450,Carrie,Drama,Kimberly Peirce,Chloë Grace Moretz,2013,5.9,113272
451,Iron Man 2,Action,Jon Favreau,Robert Downey Jr.,2010,7,556666
452,Demolition,Comedy,Jean-Marc Vallée,Jake Gyllenhaal,2015,7,58720
453,Pandorum,Action,Christian Alvart,Dennis Quaid,2009,6.8,126656
454,Olympus Has Fallen,Action,Antoine Fuqua,Gerard Butler,2013,6.5,214994
455,I Am Number Four,Action,D.J. Caruso,Alex Pettyfer,2011,6.1,202682
456,Jagten,Drama,Thomas Vinterberg,Mads Mikkelsen,2012,8.3,192263
457,The Proposal,Comedy,Anne Fletcher,Sandra Bullock,2009,6.7,241709
458,Get Hard,Comedy,Etan Cohen,Will Ferrell,2015,6,95119
459,Just Go with It,Comedy,Dennis Dugan,Adam Sandler,2011,6.4,182069
460,Revolutionary Road,Drama,Sam Mendes,Leonardo DiCaprio,2008,7.3,159736
461,The Town,Crime,Ben Affleck,Ben Affleck,2010,7.6,294553
462,The Boy,Horror,William Brent Bell,Lauren Cohan,2016,6,51235
463,Denial,Biography,Mick Jackson,Rachel Weisz,2016,6.6,8229
464,Predestination,Drama,Michael Spierig,Ethan Hawke,2014,7.5,187760
465,Goosebumps,Adventure,Rob Letterman,Jack Black,2015,6.3,57602
466,Sherlock Holmes: A Game of Shadows,Action,Guy Ritchie,Robert Downey Jr.,2011,7.5,357436
467,Salt,Action,Phillip Noyce,Angelina Jolie,2010,6.4,255813
468,Enemy,Mystery,Denis Villeneuve,Jake Gyllenhaal,2013,6.9,111558
469,District 9,Action,Neill Blomkamp,Sharlto Copley,2009,8,556794
470,The Other Guys,Action,Adam McKay,Will Ferrell,2010,6.7,199900
471,American Gangster,Biography,Ridley Scott,Denzel Washington,2007,7.8,337835
472,Marie Antoinette,Biography,Sofia Coppola,Kirsten Dunst,2006,6.4,83941
473,2012,Action,Roland Emmerich,John Cusack,2009,5.8,297984
474,Harry Potter and the Half-Blood Prince,Adventure,David Yates,Daniel Radcliffe,2009,7.5,351059
475,Argo,Biography,Ben Affleck,Ben Affleck,2012,7.7,481274
476,Eddie the Eagle,Biography,Dexter Fletcher,Taron Egerton,2016,7.4,56332
477,The Lives of Others,Drama,Florian Henckel von Donnersmarck,Ulrich Mühe,2006,8.5,278103
478,Pet,Horror,Carles Torrens,Dominic Monaghan,2016,5.7,8404
479,Paint It Black,Drama,Amber Tamblyn,Alia Shawkat,2016,8.3,61
480,Macbeth,Drama,Justin Kurzel,Michael Fassbender,2015,6.7,41642
481,Forgetting Sarah Marshall,Comedy,Nicholas Stoller,Kristen Bell,2008,7.2,226619
482,The Giver,Drama,Phillip Noyce,Brenton Thwaites,2014,6.5,93799
483,Triple 9,Action,John Hillcoat,Casey Affleck,2016,6.3,48400
484,Perfetti sconosciuti,Comedy,Paolo Genovese,Giuseppe Battiston,2016,7.7,17584
485,Angry Birds,Animation,Clay Kaytis,Jason Sudeikis,2016,6.3,55781
486,Moonrise Kingdom,Adventure,Wes Anderson,Jared Gilman,2012,7.8,254446
487,Hairspray,Comedy,Adam Shankman,John Travolta,2007,6.7,102954
488,Safe Haven,Drama,Lasse Hallström,Julianne Hough,2013,6.7,84765
489,Focus,Comedy,Glenn Ficarra,Will Smith,2015,6.6,166489
490,Ratatouille,Animation,Brad Bird,Brad Garrett,2007,8,504039
491,Stake Land,Drama,Jim Mickle,Connor Paolo,2010,6.5,36091
492,The Book of Eli,Action,Albert Hughes,Denzel Washington,2010,6.9,241359
493,Cloverfield,Action,Matt Reeves,Mike Vogel,2008,7,313803
494,Point Break,Action,Ericson Core,Edgar Ramírez,2015,5.3,44553
495,Under the Skin,Drama,Jonathan Glazer,Scarlett Johansson,2013,6.3,94707
496,I Am Legend,Drama,Francis Lawrence,Will Smith,2007,7.2,565721
497,Men in Black 3,Action,Barry Sonnenfeld,Will Smith,2012,6.8,278379
498,Super 8,Mystery,J.J. Abrams,Elle Fanning,2011,7.1,298913
499,Law Abiding Citizen,Crime,F. Gary Gray,Gerard Butler,2009,7.4,228339
500,Up,Animation,Pete Docter,Edward Asner,2009,8.3,722203
501,Maze Runner: The Scorch Trials,Action,Wes Ball,Dylan O'Brien,2015,6.3,159364
502,Carol,Drama,Todd Haynes,Cate Blanchett,2015,7.2,77995
503,Imperium,Crime,Daniel Ragussis,Daniel Radcliffe,2016,6.5,27428
504,Youth,Comedy,Paolo Sorrentino,Michael Caine,2015,7.3,52636
505,Mr. Nobody,Drama,Jaco Van Dormael,Jared Leto,2009,7.9,166872
506,City of Tiny Lights,Crime,Pete Travis,Riz Ahmed,2016,5.7,291
507,Savages,Crime,Oliver Stone,Aaron Taylor-Johnson,2012,6.5,107960
508,(500) Days of Summer,Comedy,Marc Webb,Zooey Deschanel,2009,7.7,398972
509,Movie 43,Comedy,Elizabeth Banks,Emma Stone,2013,4.3,83625
510,Gravity,Drama,Alfonso Cuarón,Sandra Bullock,2013,7.8,622089
511,The Boy in the Striped Pyjamas,Drama,Mark Herman,Asa Butterfield,2008,7.8,144614
512,Shooter,Action,Antoine Fuqua,Mark Wahlberg,2007,7.2,267820
513,The Happening,Sci-Fi,M. Night Shyamalan,Mark Wahlberg,2008,5,170897
514,Bone Tomahawk,Adventure,S. Craig Zahler,Kurt Russell,2015,7.1,47289
515,Magic Mike XXL,Comedy,Gregory Jacobs,Channing Tatum,2015,5.7,42506
516,Easy A,Comedy,Will Gluck,Emma Stone,2010,7.1,294950
517,Exodus: Gods and Kings,Action,Ridley Scott,Christian Bale,2014,6,137299
518,Chappie,Action,Neill Blomkamp,Sharlto Copley,2015,6.9,188769
519,The Hobbit: The Desolation of Smaug,Adventure,Peter Jackson,Ian McKellen,2013,7.9,513744
520,Half of a Yellow Sun,Drama,Biyi Bandele,Chiwetel Ejiofor,2013,6.2,1356
521,Anthropoid,Biography,Sean Ellis,Jamie Dornan,2016,7.2,24100
522,The Counselor,Crime,Ridley Scott,Michael Fassbender,2013,5.3,84927
523,Viking,Action,Andrey Kravchuk,Anton Adasinsky,2016,4.7,1830
524,Whiskey Tango Foxtrot,Biography,Glenn Ficarra,Tina Fey,2016,6.6,36156
525,Trust,Crime,David Schwimmer,Clive Owen,2010,7,36043
526,Birth of the Dragon,Action,George Nolfi,Billy Magnussen,2016,3.9,552
527,Elysium,Action,Neill Blomkamp,Matt Damon,2013,6.6,358932
528,The Green Inferno,Adventure,Eli Roth,Lorenza Izzo,2013,5.4,26461
529,Godzilla,Action,Gareth Edwards,Aaron Taylor-Johnson,2014,6.4,318058
530,The Bourne Legacy,Action,Tony Gilroy,Jeremy Renner,2012,6.7,245374
531,A Good Year,Comedy,Ridley Scott,Russell Crowe,2006,6.9,74674
532,Friend Request,Horror,Simon Verhoeven,Alycia Debnam-Carey,2016,5.4,12758
533,Deja Vu,Action,Tony Scott,Denzel Washington,2006,7,253858
534,Lucy,Action,Luc Besson,Scarlett Johansson,2014,6.4,352698
535,A Quiet Passion,Biography,Terence Davies,Cynthia Nixon,2016,7.2,1024
536,Need for Speed,Action,Scott Waugh,Aaron Paul,2014,6.5,143389
537,Jack Reacher,Action,Christopher McQuarrie,Tom Cruise,2012,7,250811
538,The Do-Over,Action,Steven Brill,Adam Sandler,2016,5.7,24761
539,True Crimes,Crime,Alexandros Avranas,Jim Carrey,2016,7.3,198
540,American Pastoral,Crime,Ewan McGregor,Ewan McGregor,2016,6.1,7115
541,The Ghost Writer,Mystery,Roman Polanski,Ewan McGregor,2010,7.2,137964
542,Limitless,Mystery,Neil Burger,Bradley Cooper,2011,7.4,444417
543,Spectral,Action,Nic Mathieu,James Badge Dale,2016,6.3,27042
544,P.S. I Love You,Drama,Richard LaGravenese,Hilary Swank,2007,7.1,177247
545,Zipper,Drama,Mora Stephens,Patrick Wilson,2015,5.7,4912
546,Midnight Special,Drama,Jeff Nichols,Michael Shannon,2016,6.7,54787
547,Don't Think Twice,Comedy,Mike Birbiglia,Keegan-Michael Key,2016,6.8,10485
548,Alice in Wonderland,Adventure,Tim Burton,Mia Wasikowska,2010,6.5,324898
549,Chuck,Biography,Philippe Falardeau,Elisabeth Moss,2016,6.8,391
550,"I, Daniel Blake",Drama,Ken Loach,Dave Johns,2016,7.9,22941
551,The Break-Up,Comedy,Peyton Reed,Jennifer Aniston,2006,5.8,106381
552,Loving,Biography,Jeff Nichols,Ruth Negga,2016,7.1,17141
553,Fantastic Four,Action,Josh Trank,Miles Teller,2015,4.3,121847
554,The Survivalist,Drama,Stephen Fingleton,Mia Goth,2015,6.3,9187
555,Colonia,Drama,Florian Gallenberger,Emma Watson,2015,7.1,30074
556,The Boy Next Door,Mystery,Rob Cohen,Jennifer Lopez,2015,4.6,30180
557,The Gift,Mystery,Joel Edgerton,Jason Bateman,2015,7.1,96688
558,Dracula Untold,Action,Gary Shore,Luke Evans,2014,6.3,148504
559,In the Heart of the Sea,Action,Ron Howard,Chris Hemsworth,2015,6.9,90372
560,Idiocracy,Adventure,Mike Judge,Luke Wilson,2006,6.6,115355
561,The Expendables,Action,Sylvester Stallone,Sylvester Stallone,2010,6.5,283282
562,Evil Dead,Fantasy,Fede Alvarez,Jane Levy,2013,6.5,133113
563,Sinister,Horror,Scott Derrickson,Ethan Hawke,2012,6.8,171169
564,Wreck-It Ralph,Animation,Rich Moore,John C. Reilly,2012,7.8,290559
565,Snow White and the Huntsman,Action,Rupert Sanders,Kristen Stewart,2012,6.1,239772
566,Pan,Adventure,Joe Wright,Levi Miller,2015,5.8,47804
567,Transformers: Dark of the Moon,Action,Michael Bay,Shia LaBeouf,2011,6.3,338369
568,Juno,Comedy,Jason Reitman,Ellen Page,2007,7.5,432461
569,A Hologram for the King,Comedy,Tom Tykwer,Tom Hanks,2016,6.1,26521
570,Money Monster,Crime,Jodie Foster,George Clooney,2016,6.5,68654
571,The Other Woman,Comedy,Nick Cassavetes,Cameron Diaz,2014,6,110825
572,Enchanted,Animation,Kevin Lima,Amy Adams,2007,7.1,150353
573,The Intern,Comedy,Nancy Meyers,Robert De Niro,2015,7.1,159582
574,Little Miss Sunshine,Comedy,Jonathan Dayton,Steve Carell,2006,7.8,374044
575,Bleed for This,Biography,Ben Younger,Miles Teller,2016,6.8,11900
576,Clash of the Titans,Action,Louis Leterrier,Sam Worthington,2010,5.8,238206
577,The Finest Hours,Action,Craig Gillespie,Chris Pine,2016,6.8,44425
578,Tron,Action,Joseph Kosinski,Jeff Bridges,2010,6.8,273959
579,The Hunger Games: Catching Fire,Action,Francis Lawrence,Jennifer Lawrence,2013,7.6,525646
580,All Good Things,Crime,Andrew Jarecki,Ryan Gosling,2010,6.3,44158
581,Kickboxer: Vengeance,Action,John Stockwell,Dave Bautista,2016,4.9,6809
582,The Last Airbender,Action,M. Night Shyamalan,Noah Ringer,2010,4.2,125129
583,Sex Tape,Comedy,Jake Kasdan,Jason Segel,2014,5.1,89885
584,What to Expect When You're Expecting,Comedy,Kirk Jones,Cameron Diaz,2012,5.7,60059
585,Moneyball,Biography,Bennett Miller,Brad Pitt,2011,7.6,297395
586,Ghost Rider,Action,Mark Steven Johnson,Nicolas Cage,2007,5.2,190673
587,Unbroken,Biography,Angelina Jolie,Jack O'Connell,2014,7.2,114006
588,Immortals,Action,Tarsem Singh,Henry Cavill,2011,6,142900
589,Sunshine,Adventure,Danny Boyle,Cillian Murphy,2007,7.3,199860
590,Brave,Animation,Mark Andrews,Kelly Macdonald,2012,7.2,293941
591,Män som hatar kvinnor,Drama,Niels Arden Oplev,Michael Nyqvist,2009,7.8,182074
592,Adoration,Drama,Anne Fontaine,Naomi Watts,2013,6.2,25208
593,The Drop,Crime,Michaël R. Roskam,Tom Hardy,2014,7.1,116118
594,She's the Man,Comedy,Andy Fickman,Amanda Bynes,2006,6.4,122864
595,Daddy's Home,Comedy,Sean Anders,Will Ferrell,2015,6.1,68306
596,Let Me In,Drama,Matt Reeves,Kodi Smit-McPhee,2010,7.2,97141
597,Never Back Down,Action,Jeff Wadlow,Sean Faris,2008,6.6,84083
598,Grimsby,Action,Louis Leterrier,Sacha Baron Cohen,2016,6.2,63408
599,Moon,Drama,Duncan Jones,Sam Rockwell,2009,7.9,277123
600,Megamind,Animation,Tom McGrath,Will Ferrell,2010,7.3,183926
601,Gangster Squad,Action,Ruben Fleischer,Sean Penn,2013,6.7,181432
602,Blood Father,Action,Jean-François Richet,Mel Gibson,2016,6.4,40357
603,He's Just Not That Into You,Comedy,Ken Kwapis,Jennifer Aniston,2009,6.4,137684
604,Kung Fu Panda 3,Animation,Alessandro Carloni,Jack Black,2016,7.2,89791
605,The Rise of the Krays,Crime,Zackary Adler,Matt Vael,2015,5.1,1630
606,Handsome Devil,Drama,John Butler,Fionn O'Shea,2016,7.4,338
607,Winter's Bone,Drama,Debra Granik,Jennifer Lawrence,2010,7.2,116435
608,Horrible Bosses,Comedy,Seth Gordon,Jason Bateman,2011,6.9,368556
609,Mommy,Drama,Xavier Dolan,Anne Dorval,2014,8.1,33560
610,Hellboy II: The Golden Army,Action,Guillermo del Toro,Ron Perlman,2008,7,216932
611,Beautiful Creatures,Drama,Richard LaGravenese,Alice Englert,2013,6.2,71822
612,Toni Erdmann,Comedy,Maren Ade,Sandra Hüller,2016,7.6,24387
613,The Lovely Bones,Drama,Peter Jackson,Rachel Weisz,2009,6.7,130702
614,The Assassination of Jesse James by the Coward Robert Ford,Biography,Andrew Dominik,Brad Pitt,2007,7.5,143564
615,Don Jon,Comedy,Joseph Gordon-Levitt,Joseph Gordon-Levitt,2013,6.6,199973
616,Bastille Day,Action,James Watkins,Idris Elba,2016,6.3,21089
617,2307: Winter's Dream,Sci-Fi,Joey Curtis,Paul Sidhu,2016,4,277
618,Free State of Jones,Action,Gary Ross,Matthew McConaughey,2016,6.9,29895
619,Mr. Right,Action,Paco Cabezas,Anna Kendrick,2015,6.3,30053
620,The Secret Life of Walter Mitty,Adventure,Ben Stiller,Ben Stiller,2013,7.3,249877
621,Dope,Comedy,Rick Famuyiwa,Shameik Moore,2015,7.3,66400
622,Underworld Awakening,Action,Måns Mårlind,Kate Beckinsale,2012,6.4,127157
623,Antichrist,Drama,Lars von Trier,Willem Dafoe,2009,6.6,94069
624,Friday the 13th,Horror,Marcus Nispel,Jared Padalecki,2009,5.6,78631
625,Taken 3,Action,Olivier Megaton,Liam Neeson,2014,6,144715
626,Total Recall,Action,Len Wiseman,Colin Farrell,2012,6.3,210965
627,X-Men: The Last Stand,Action,Brett Ratner,Patrick Stewart,2006,6.7,406540
628,The Escort,Comedy,Will Slocombe,Lyndsy Fonseca,2016,6,7181
629,The Whole Truth,Crime,Courtney Hunt,Keanu Reeves,2016,6.1,10700
630,Night at the Museum: Secret of the Tomb,Adventure,Shawn Levy,Ben Stiller,2014,6.2,74886
631,Love & Other Drugs,Comedy,Edward Zwick,Jake Gyllenhaal,2010,6.7,151519
632,The Interview,Comedy,Evan Goldberg,James Franco,2014,6.6,261536
633,The Host,Comedy,Bong Joon Ho,Kang-ho Song,2006,7,73491
634,Megan Is Missing,Drama,Michael Goi,Amber Perkins,2011,4.9,6683
635,WALL·E,Animation,Andrew Stanton,Ben Burtt,2008,8.4,776897
636,Knocked Up,Comedy,Judd Apatow,Seth Rogen,2007,7,309398
637,Source Code,Mystery,Duncan Jones,Jake Gyllenhaal,2011,7.5,404884
638,Lawless,Crime,John Hillcoat,Tom Hardy,2012,7.3,195360
639,Unfriended,Drama,Levan Gabriadze,Heather Sossaman,2014,5.6,50402
640,American Reunion,Comedy,Jon Hurwitz,Jason Biggs,2012,6.7,178471
641,The Pursuit of Happyness,Biography,Gabriele Muccino,Will Smith,2006,8,361105
642,Relatos salvajes,Comedy,Damián Szifron,Darío Grandinetti,2014,8.1,110100
643,The Ridiculous 6,Comedy,Frank Coraci,Adam Sandler,2015,4.8,31149
644,Frantz,Drama,François Ozon,Pierre Niney,2016,7.5,4304
645,Viral,Drama,Henry Joost,Sofia Black-D'Elia,2016,5.5,3564
646,Gran Torino,Drama,Clint Eastwood,Clint Eastwood,2008,8.2,595779
647,Burnt,Comedy,John Wells,Bradley Cooper,2015,6.6,76469
648,Tall Men,Fantasy,Jonathan Holbrook,Dan Crisafulli,2016,3.2,173
649,Sleeping Beauty,Drama,Julia Leigh,Emily Browning,2011,5.3,27006
650,Vampire Academy,Action,Mark Waters,Zoey Deutch,2014,5.6,44111
651,Sweeney Todd: The Demon Barber of Fleet Street,Drama,Tim Burton,Johnny Depp,2007,7.4,296289
652,Solace,Crime,Afonso Poyart,Anthony Hopkins,2015,6.4,36300
653,Insidious,Horror,James Wan,Patrick Wilson,2010,6.8,219916
654,Popstar: Never Stop Never Stopping,Comedy,Akiva Schaffer,Andy Samberg,2016,6.7,30875
655,The Levelling,Drama,Hope Dickson Leach,Ellie Kendrick,2016,6.4,482
656,Public Enemies,Biography,Michael Mann,Christian Bale,2009,7,240323
657,Boyhood,Drama,Richard Linklater,Ellar Coltrane,2014,7.9,286722
658,Teenage Mutant Ninja Turtles,Action,Jonathan Liebesman,Megan Fox,2014,5.9,178527
659,Eastern Promises,Crime,David Cronenberg,Naomi Watts,2007,7.7,198006
660,The Daughter,Drama,Simon Stone,Geoffrey Rush,2015,6.7,2798
661,Pineapple Express,Action,David Gordon Green,Seth Rogen,2008,7,267872
662,The First Time,Comedy,Jon Kasdan,Dylan O'Brien,2012,6.9,54027
663,Gone Baby Gone,Crime,Ben Affleck,Morgan Freeman,2007,7.7,206707
664,The Heat,Action,Paul Feig,Sandra Bullock,2013,6.6,140151
665,L'avenir,Drama,Mia Hansen-Løve,Isabelle Huppert,2016,7.1,5796
666,Anna Karenina,Drama,Joe Wright,Keira Knightley,2012,6.6,75291
667,Regression,Crime,Alejandro Amenábar,Ethan Hawke,2015,5.7,26320
668,Ted 2,Adventure,Seth MacFarlane,Mark Wahlberg,2015,6.3,136323
669,Pain & Gain,Comedy,Michael Bay,Mark Wahlberg,2013,6.5,168875
670,Blood Diamond,Adventure,Edward Zwick,Leonardo DiCaprio,2006,8,422014
671,Devil's Knot,Biography,Atom Egoyan,Colin Firth,2013,6.1,15514
672,Child 44,Crime,Daniel Espinosa,Tom Hardy,2015,6.5,47703
673,The Hurt Locker,Drama,Kathryn Bigelow,Jeremy Renner,2008,7.6,352023
674,Green Lantern,Action,Martin Campbell,Ryan Reynolds,2011,5.6,231907
675,War on Everyone,Action,John Michael McDonagh,Alexander Skarsgård,2016,5.9,9285
676,The Mist,Horror,Frank Darabont,Thomas Jane,2007,7.2,233346
677,Escape Plan,Action,Mikael Håfström,Sylvester Stallone,2013,6.7,188004
678,"Love, Rosie",Comedy,Christian Ditter,Lily Collins,2014,7.2,80415
679,The DUFF,Comedy,Ari Sandel,Mae Whitman,2015,6.5,57874
680,The Age of Shadows,Action,Jee-woon Kim,Byung-hun Lee,2016,7.2,2403
681,The Hunger Games: Mockingjay - Part 1,Action,Francis Lawrence,Jennifer Lawrence,2014,6.7,331902
682,We Need to Talk About Kevin,Drama,Lynne Ramsay,Tilda Swinton,2011,7.5,104953
683,Love & Friendship,Comedy,Whit Stillman,Kate Beckinsale,2016,6.5,16164
684,The Mortal Instruments: City of Bones,Action,Harald Zwart,Lily Collins,2013,5.9,112313
685,Seven Pounds,Drama,Gabriele Muccino,Will Smith,2008,7.7,245144
686,The King's Speech,Biography,Tom Hooper,Colin Firth,2010,8,534388
687,Hunger,Biography,Steve McQueen,Stuart Graham,2008,7.6,54486
688,Jumper,Action,Doug Liman,Hayden Christensen,2008,6.1,252503
689,Toy Story 3,Animation,Lee Unkrich,Tom Hanks,2010,8.3,586669
690,Tinker Tailor Soldier Spy,Drama,Tomas Alfredson,Gary Oldman,2011,7.1,157053
691,Resident Evil: Retribution,Action,Paul W.S. Anderson,Milla Jovovich,2012,5.4,114144
692,Dear Zindagi,Drama,Gauri Shinde,Alia Bhatt,2016,7.8,23540
693,Genius,Biography,Michael Grandage,Colin Firth,2016,6.5,10708
694,Pompeii,Action,Paul W.S. Anderson,Kit Harington,2014,5.5,90188
695,Life of Pi,Adventure,Ang Lee,Suraj Sharma,2012,7.9,471109
696,Hachi: A Dog's Tale,Drama,Lasse Hallström,Richard Gere,2009,8.1,177602
697,10 Years,Comedy,Jamie Linden,Channing Tatum,2011,6.1,19636
698,I Origins,Drama,Mike Cahill,Michael Pitt,2014,7.3,86271
699,Live Free or Die Hard,Action,Len Wiseman,Bruce Willis,2007,7.2,347567
700,The Matchbreaker,Comedy,Caleb Vetter,Wesley Elder,2016,5.5,1427
701,Funny Games,Crime,Michael Haneke,Naomi Watts,2007,6.5,73835
702,Ted,Comedy,Seth MacFarlane,Mark Wahlberg,2012,7,494641
703,RED,Action,Robert Schwentke,Bruce Willis,2010,7.1,250012
704,Australia,Adventure,Baz Luhrmann,Nicole Kidman,2008,6.6,106115
705,Faster,Action,George Tillman Jr.,Dwayne Johnson,2010,6.5,83788
706,The Neighbor,Crime,Marcus Dunstan,Josh Stewart,2016,5.8,4754
707,The Adjustment Bureau,Romance,George Nolfi,Matt Damon,2011,7.1,208632
708,The Hollars,Comedy,John Krasinski,Sharlto Copley,2016,6.5,5908
709,The Judge,Crime,David Dobkin,Robert Downey Jr.,2014,7.4,146812
710,Closed Circuit,Crime,John Crowley,Eric Bana,2013,6.2,18437
711,Transformers: Revenge of the Fallen,Action,Michael Bay,Shia LaBeouf,2009,6,335757
712,La tortue rouge,Animation,Michael Dudok de Wit,Emmanuel Garijo,2016,7.6,11482
713,The Book of Life,Animation,Jorge R. Gutiérrez,Diego Luna,2014,7.3,50388
714,Incendies,Drama,Denis Villeneuve,Lubna Azabal,2010,8.2,92863
715,The Heartbreak Kid,Comedy,Bobby Farrelly,Ben Stiller,2007,5.8,74664
716,Happy Feet,Animation,George Miller,Elijah Wood,2006,6.5,141141
717,Entourage,Comedy,Doug Ellin,Adrian Grenier,2015,6.6,64557
718,The Strangers,Horror,Bryan Bertino,Scott Speedman,2008,6.2,96718
719,Noah,Action,Darren Aronofsky,Russell Crowe,2014,5.8,209700
720,Neighbors,Comedy,Nicholas Stoller,Seth Rogen,2014,6.4,236500
721,Nymphomaniac: Vol. II,Drama,Lars von Trier,Charlotte Gainsbourg,2013,6.7,65824
722,Wild,Adventure,Jean-Marc Vallée,Reese Witherspoon,2014,7.1,95553
723,Grown Ups,Comedy,Dennis Dugan,Adam Sandler,2010,6,190385
724,Blair Witch,Horror,Adam Wingard,James Allen McCune,2016,5.1,26088
725,The Karate Kid,Action,Harald Zwart,Jackie Chan,2010,6.2,127983
726,Dark Shadows,Comedy,Tim Burton,Johnny Depp,2012,6.2,209326
727,Friends with Benefits,Comedy,Will Gluck,Mila Kunis,2011,6.6,286543
728,The Illusionist,Drama,Neil Burger,Edward Norton,2006,7.6,309934
729,The A-Team,Action,Joe Carnahan,Liam Neeson,2010,6.8,219116
730,The Guest,Thriller,Adam Wingard,Dan Stevens,2014,6.7,71069
731,The Internship,Comedy,Shawn Levy,Vince Vaughn,2013,6.3,166342
732,Paul,Adventure,Greg Mottola,Simon Pegg,2011,7,201707
733,This Beautiful Fantastic,Comedy,Simon Aboud,Jessica Brown Findlay,2016,6.9,688
734,The Da Vinci Code,Mystery,Ron Howard,Tom Hanks,2006,6.6,338280
735,Mr. Church,Comedy,Bruce Beresford,Eddie Murphy,2016,7.7,16163
736,Hugo,Adventure,Martin Scorsese,Asa Butterfield,2011,7.5,259182
737,The Blackcoat's Daughter,Horror,Oz Perkins,Emma Roberts,2015,5.6,4155
738,Body of Lies,Action,Ridley Scott,Leonardo DiCaprio,2008,7.1,182305
739,Knight of Cups,Drama,Terrence Malick,Christian Bale,2015,5.7,17439
740,The Mummy: Tomb of the Dragon Emperor,Action,Rob Cohen,Brendan Fraser,2008,5.2,124554
741,The Boss,Comedy,Ben Falcone,Melissa McCarthy,2016,5.4,29642
742,Hands of Stone,Action,Jonathan Jakubowicz,Edgar Ramírez,2016,6.6,8998
743,El secreto de sus ojos,Drama,Juan José Campanella,Ricardo Darín,2009,8.2,144524
744,True Grit,Adventure,Ethan Coen,Jeff Bridges,2010,7.6,254904
745,We Are Your Friends,Drama,Max Joseph,Zac Efron,2015,6.2,25903
746,A Million Ways to Die in the West,Comedy,Seth MacFarlane,Seth MacFarlane,2014,6.1,144779
747,Only for One Night,Thriller,Chris Stokes,Brian White,2016,4.6,313
748,Rules Don't Apply,Comedy,Warren Beatty,Lily Collins,2016,5.7,3731
749,Ouija: Origin of Evil,Horror,Mike Flanagan,Elizabeth Reaser,2016,6.1,30035
750,Percy Jackson: Sea of Monsters,Adventure,Thor Freudenthal,Logan Lerman,2013,5.9,91684
751,Fracture,Crime,Gregory Hoblit,Anthony Hopkins,2007,7.2,148943
752,Oculus,Horror,Mike Flanagan,Karen Gillan,2013,6.5,92875
753,In Bruges,Comedy,Martin McDonagh,Colin Farrell,2008,7.9,322536
754,This Means War,Action,McG,Reese Witherspoon,2012,6.3,154400
755,Lída Baarová,Biography,Filip Renc,Tatiana Pauhofová,2016,5,353
756,The Road,Adventure,John Hillcoat,Viggo Mortensen,2009,7.3,187302
757,Lavender,Drama,Ed Gass-Donnelly,Abbie Cornish,2016,5.2,2083
758,Deuces,Drama,Jamal Hill,Larenz Tate,2016,6.6,256
759,Conan the Barbarian,Action,Marcus Nispel,Jason Momoa,2011,5.2,84893
760,The Fighter,Action,David O. Russell,Mark Wahlberg,2010,7.8,290056
761,August Rush,Drama,Kirsten Sheridan,Freddie Highmore,2007,7.5,91229
762,Chef,Comedy,Jon Favreau,Jon Favreau,2014,7.3,151970
763,Eye in the Sky,Drama,Gavin Hood,Helen Mirren,2015,7.3,57826
764,Eagle Eye,Action,D.J. Caruso,Shia LaBeouf,2008,6.6,156158
765,The Purge,Horror,James DeMonaco,Ethan Hawke,2013,5.7,154588
766,PK,Comedy,Rajkumar Hirani,Aamir Khan,2014,8.2,103279
767,Ender's Game,Action,Gavin Hood,Harrison Ford,2013,6.7,194236
768,Indiana Jones and the Kingdom of the Crystal Skull,Action,Steven Spielberg,Harrison Ford,2008,6.2,351361
769,Paper Towns,Drama,Jake Schreier,Nat Wolff,2015,6.3,72515
770,High-Rise,Drama,Ben Wheatley,Tom Hiddleston,2015,5.7,25928
771,Quantum of Solace,Action,Marc Forster,Daniel Craig,2008,6.6,347798
772,The Assignment,Action,Walter Hill,Sigourney Weaver,2016,4.5,2043
773,How to Train Your Dragon,Animation,Dean DeBlois,Jay Baruchel,2010,8.1,523893
774,Lady in the Water,Drama,M. Night Shyamalan,Paul Giamatti,2006,5.6,82701
775,The Fountain,Drama,Darren Aronofsky,Hugh Jackman,2006,7.3,199193
776,Cars 2,Animation,John Lasseter,Owen Wilson,2011,6.2,110490
777,31,Horror,Rob Zombie,Malcolm McDowell,2016,5.1,10871
778,Final Girl,Action,Tyler Shields,Abigail Breslin,2015,4.7,9026
779,Chalk It Up,Comedy,Hisonni Johnson,Maddy Curley,2016,4.8,499
780,The Man Who Knew Infinity,Biography,Matt Brown,Dev Patel,2015,7.2,29912
781,Unknown,Action,Jaume Collet-Serra,Liam Neeson,2011,6.9,218679
782,Self/less,Action,Tarsem Singh,Ryan Reynolds,2015,6.5,67196
783,Mr. Brooks,Crime,Bruce A. Evans,Kevin Costner,2007,7.3,128146
784,Tramps,Comedy,Adam Leon,Callum Turner,2016,6.5,1031
785,Before We Go,Comedy,Chris Evans,Chris Evans,2014,6.9,31370
786,Captain Phillips,Biography,Paul Greengrass,Tom Hanks,2013,7.8,346154
787,The Secret Scripture,Drama,Jim Sheridan,Rooney Mara,2016,6.8,378
788,Max Steel,Action,Stewart Hendler,Ben Winchell,2016,4.6,11555
789,Hotel Transylvania 2,Animation,Genndy Tartakovsky,Adam Sandler,2015,6.7,69157
790,Hancock,Action,Peter Berg,Will Smith,2008,6.4,366138
791,Sisters,Comedy,Jason Moore,Amy Poehler,2015,6,50241
792,The Family,Comedy,Luc Besson,Robert De Niro,2013,6.3,92868
793,Zack and Miri Make a Porno,Comedy,Kevin Smith,Seth Rogen,2008,6.6,154936
794,Ma vie de Courgette,Animation,Claude Barras,Gaspard Schlatter,2016,7.8,4370
795,Man on a Ledge,Action,Asger Leth,Sam Worthington,2012,6.6,129252
796,No Strings Attached,Comedy,Ivan Reitman,Natalie Portman,2011,6.2,178243
797,Rescue Dawn,Adventure,Werner Herzog,Christian Bale,2006,7.3,87887
798,Despicable Me 2,Animation,Pierre Coffin,Steve Carell,2013,7.4,304837
799,A Walk Among the Tombstones,Crime,Scott Frank,Liam Neeson,2014,6.5,93883
800,The World's End,Action,Edgar Wright,Simon Pegg,2013,7,199813
801,Yoga Hosers,Comedy,Kevin Smith,Lily-Rose Depp,2016,4.3,7091
802,Seven Psychopaths,Comedy,Martin McDonagh,Colin Farrell,2012,7.2,196652
803,Beowulf,Animation,Robert Zemeckis,Ray Winstone,2007,6.2,146566
804,Jack Ryan: Shadow Recruit,Action,Kenneth Branagh,Chris Pine,2014,6.2,103681
805,1408,Fantasy,Mikael Håfström,John Cusack,2007,6.8,221073
806,The Gambler,Crime,Rupert Wyatt,Mark Wahlberg,2014,6,52537
807,Prince of Persia: The Sands of Time,Action,Mike Newell,Jake Gyllenhaal,2010,6.6,233148
808,The Spectacular Now,Comedy,James Ponsoldt,Miles Teller,2013,7.1,115751
809,A United Kingdom,Biography,Amma Asante,David Oyelowo,2016,6.8,4771
810,USS Indianapolis: Men of Courage,Action,Mario Van Peebles,Nicolas Cage,2016,5.2,4964
811,Turbo Kid,Action,François Simard,Munro Chambers,2015,6.7,19309
812,Mama,Horror,Andrés Muschietti,Jessica Chastain,2013,6.2,142560
813,Orphan,Horror,Jaume Collet-Serra,Vera Farmiga,2009,7,153448
814,To Rome with Love,Comedy,Woody Allen,Woody Allen,2012,6.3,72050
815,Fantastic Mr. Fox,Animation,Wes Anderson,George Clooney,2009,7.8,149779
816,Inside Man,Crime,Spike Lee,Denzel Washington,2006,7.6,285441
817,I.T.,Crime,John Moore,Pierce Brosnan,2016,5.4,8755
818,127 Hours,Adventure,Danny Boyle,James Franco,2010,7.6,294010
819,Annabelle,Horror,John R. Leonetti,Ward Horton,2014,5.4,91106
820,Wolves at the Door,Horror,John R. Leonetti,Katie Cassidy,2016,4.6,564
821,Suite Française,Drama,Saul Dibb,Michelle Williams,2014,6.9,13711
822,The Imaginarium of Doctor Parnassus,Adventure,Terry Gilliam,Christopher Plummer,2009,6.8,130153
823,G.I. Joe: The Rise of Cobra,Action,Stephen Sommers,Dennis Quaid,2009,5.8,180105
824,Christine,Biography,Antonio Campos,Rebecca Hall,2016,7,5855
825,Man Down,Drama,Dito Montiel,Shia LaBeouf,2015,5.8,4779
826,Crawlspace,Horror,Phil Claydon,Michael Vartan,2016,5.3,1427
827,Shut In,Drama,Farren Blackburn,Naomi Watts,2016,4.6,5715
828,The Warriors Gate,Action,Matthias Hoene,Mark Chao,2016,5.3,1391
829,Grindhouse,Action,Robert Rodriguez,Kurt Russell,2007,7.6,160350
830,Disaster Movie,Comedy,Jason Friedberg,Carmen Electra,2008,1.9,77207
831,Rocky Balboa,Drama,Sylvester Stallone,Sylvester Stallone,2006,7.2,171356
832,Diary of a Wimpy Kid: Dog Days,Comedy,David Bowers,Zachary Gordon,2012,6.4,16917
833,Jane Eyre,Drama,Cary Joji Fukunaga,Mia Wasikowska,2011,7.4,67464
834,Fool's Gold,Action,Andy Tennant,Matthew McConaughey,2008,5.7,62719
835,The Dictator,Comedy,Larry Charles,Sacha Baron Cohen,2012,6.4,225394
836,The Loft,Mystery,Erik Van Looy,Karl Urban,2014,6.3,38804
837,Bacalaureat,Crime,Cristian Mungiu,Adrian Titieni,2016,7.5,5531
838,You Don't Mess with the Zohan,Action,Dennis Dugan,Adam Sandler,2008,5.5,163144
839,Exposed,Crime,Gee Malik Linton,Ana de Armas,2016,4.2,8409
840,Maudie,Biography,Aisling Walsh,Ethan Hawke,2016,7.8,346
841,Horrible Bosses 2,Comedy,Sean Anders,Jason Bateman,2014,6.3,125190
842,A Bigger Splash,Drama,Luca Guadagnino,Tilda Swinton,2015,6.4,15232
843,Melancholia,Drama,Lars von Trier,Kirsten Dunst,2011,7.1,137117
844,The Princess and the Frog,Animation,Ron Clements,Anika Noni Rose,2009,7.1,95480
845,Unstoppable,Action,Tony Scott,Denzel Washington,2010,6.8,157499
846,Flight,Drama,Robert Zemeckis,Denzel Washington,2012,7.3,276347
847,Home,Animation,Tim Johnson,Jim Parsons,2015,6.7,77447
848,La migliore offerta,Crime,Giuseppe Tornatore,Geoffrey Rush,2013,7.8,77986
849,Mean Dreams,Thriller,Nathan Morlando,Sophie Nélisse,2016,6.3,1066
850,42,Biography,Brian Helgeland,Chadwick Boseman,2013,7.5,69659
851,21,Crime,Robert Luketic,Jim Sturgess,2008,6.8,198395
852,Begin Again,Drama,John Carney,Keira Knightley,2013,7.4,111875
853,Out of the Furnace,Crime,Scott Cooper,Christian Bale,2013,6.8,88829
854,Vicky Cristina Barcelona,Drama,Woody Allen,Rebecca Hall,2008,7.1,208770
855,Kung Fu Panda,Animation,Mark Osborne,Jack Black,2008,7.6,329788
856,Barbershop: The Next Cut,Comedy,Malcolm D. Lee,Ice Cube,2016,5.9,9993
857,Terminator Salvation,Action,McG,Christian Bale,2009,6.6,297093
858,Freedom Writers,Biography,Richard LaGravenese,Hilary Swank,2007,7.5,55648
859,The Hills Have Eyes,Horror,Alexandre Aja,Ted Levine,2006,6.4,136642
860,Changeling,Biography,Clint Eastwood,Angelina Jolie,2008,7.8,206793
861,Remember Me,Drama,Allen Coulter,Robert Pattinson,2010,7.2,119376
862,Koe no katachi,Animation,Naoko Yamada,Miyu Irino,2016,8.4,2421
863,"Alexander and the Terrible, Horrible, No Good, Very Bad Day",Comedy,Miguel Arteta,Steve Carell,2014,6.2,32310
864,Locke,Drama,Steven Knight,Tom Hardy,2013,7.1,100890
865,The 9th Life of Louis Drax,Mystery,Alexandre Aja,Jamie Dornan,2016,6.3,6175
866,Horns,Drama,Alexandre Aja,Daniel Radcliffe,2013,6.5,61060
867,Indignation,Drama,James Schamus,Logan Lerman,2016,6.9,7402
868,The Stanford Prison Experiment,Biography,Kyle Patrick Alvarez,Ezra Miller,2015,6.9,20907
869,Diary of a Wimpy Kid: Rodrick Rules,Comedy,David Bowers,Zachary Gordon,2011,6.6,20194
870,Mission: Impossible III,Action,J.J. Abrams,Tom Cruise,2006,6.9,270429
871,En man som heter Ove,Comedy,Hannes Holm,Rolf Lassgård,2015,7.7,21569
872,Dragonball Evolution,Action,James Wong,Justin Chatwin,2009,2.7,59512
873,Red Dawn,Action,Dan Bradley,Chris Hemsworth,2012,5.4,64584
874,One Day,Drama,Lone Scherfig,Anne Hathaway,2011,7,113599
875,Life as We Know It,Comedy,Greg Berlanti,Katherine Heigl,2010,6.6,101301
876,28 Weeks Later,Drama,Juan Carlos Fresnadillo,Jeremy Renner,2007,7,221858
877,Warm Bodies,Comedy,Jonathan Levine,Nicholas Hoult,2013,6.9,193579
878,Blue Jasmine,Drama,Woody Allen,Cate Blanchett,2013,7.3,160592
879,G.I. Joe: Retaliation,Action,Jon M. Chu,Dwayne Johnson,2013,5.8,152145
880,Wrath of the Titans,Action,Jonathan Liebesman,Sam Worthington,2012,5.8,159230
881,Shin Gojira,Action,Hideaki Anno,Hiroki Hasegawa,2016,6.9,8365
882,Saving Mr. Banks,Biography,John Lee Hancock,Emma Thompson,2013,7.5,125693
883,Transcendence,Drama,Wally Pfister,Johnny Depp,2014,6.3,184564
884,Rio,Animation,Carlos Saldanha,Jesse Eisenberg,2011,6.9,173919
885,Equals,Drama,Drake Doremus,Nicholas Hoult,2015,6.1,16361
886,Babel,Drama,Alejandro González Iñárritu,Brad Pitt,2006,7.5,253417
887,The Tree of Life,Drama,Terrence Malick,Brad Pitt,2011,6.8,143517
888,The Lucky One,Drama,Scott Hicks,Zac Efron,2012,6.5,82874
889,Piranha 3D,Comedy,Alexandre Aja,Elisabeth Shue,2010,5.5,75262
890,50/50,Comedy,Jonathan Levine,Joseph Gordon-Levitt,2011,7.7,281625
891,The Intent,Crime,Femi Oyeniran,Dylan Duffus,2016,3.5,202
892,This Is 40,Comedy,Judd Apatow,Paul Rudd,2012,6.2,108156
893,Real Steel,Action,Shawn Levy,Hugh Jackman,2011,7.1,264480
894,Sex and the City,Comedy,Michael Patrick King,Sarah Jessica Parker,2008,5.5,102547
895,Rambo,Action,Sylvester Stallone,Sylvester Stallone,2008,7.1,187077
896,Planet Terror,Action,Robert Rodriguez,Rose McGowan,2007,7.1,174553
897,Concussion,Biography,Peter Landesman,Will Smith,2015,7.1,61274
898,The Fall,Adventure,Tarsem Singh,Lee Pace,2006,7.9,93036
899,The Ugly Truth,Comedy,Robert Luketic,Katherine Heigl,2009,6.5,172558
900,Bride Wars,Comedy,Gary Winick,Kate Hudson,2009,5.5,83976
901,Sleeping with Other People,Comedy,Leslye Headland,Jason Sudeikis,2015,6.5,27730
902,Snakes on a Plane,Action,David R. Ellis,Samuel L. Jackson,2006,5.6,118905
903,What If,Comedy,Michael Dowse,Daniel Radcliffe,2013,6.8,55243
904,How to Train Your Dragon 2,Animation,Dean DeBlois,Jay Baruchel,2014,7.9,237565
905,RoboCop,Action,José Padilha,Joel Kinnaman,2014,6.2,190833
906,In Dubious Battle,Drama,James Franco,Nat Wolff,2016,6.2,1455
907,"Hello, My Name Is Doris",Comedy,Michael Showalter,Sally Field,2015,6.7,12361
908,Ocean's Thirteen,Crime,Steven Soderbergh,George Clooney,2007,6.9,269581
909,Slither,Comedy,James Gunn,Nathan Fillion,2006,6.5,64351
910,Contagion,Drama,Steven Soderbergh,Matt Damon,2011,6.6,187004
911,Il racconto dei racconti - Tale of Tales,Drama,Matteo Garrone,Salma Hayek,2015,6.4,17565
912,I Am the Pretty Thing That Lives in the House,Thriller,Oz Perkins,Ruth Wilson,2016,4.7,4204
913,Bridge to Terabithia,Adventure,Gabor Csupo,Josh Hutcherson,2007,7.2,117297
914,Coherence,Mystery,James Ward Byrkit,Emily Baldoni,2013,7.2,66265
915,Notorious,Biography,George Tillman Jr.,Jamal Woolard,2009,6.7,33007
916,Goksung,Drama,Hong-jin Na,Jun Kunimura,2016,7.5,17962
917,The Expendables 2,Action,Simon West,Sylvester Stallone,2012,6.6,257395
918,The Girl Next Door,Crime,Gregory Wilson,William Atherton,2007,6.7,19351
919,Perfume: The Story of a Murderer,Crime,Tom Tykwer,Ben Whishaw,2006,7.5,199387
920,The Golden Compass,Adventure,Chris Weitz,Nicole Kidman,2007,6.1,155078
921,Centurion,Action,Neil Marshall,Michael Fassbender,2010,6.4,67801
922,Scouts Guide to the Zombie Apocalypse,Action,Christopher Landon,Tye Sheridan,2015,6.3,31651
923,17 Again,Comedy,Burr Steers,Zac Efron,2009,6.4,152808
924,No Escape,Action,John Erick Dowdle,Lake Bell,2015,6.8,57921
925,Superman Returns,Action,Bryan Singer,Brandon Routh,2006,6.1,246797
926,The Twilight Saga: Breaking Dawn - Part 1,Adventure,Bill Condon,Kristen Stewart,2011,4.9,190244
927,Precious,Drama,Lee Daniels,Gabourey Sidibe,2009,7.3,91623
928,The Sea of Trees,Drama,Gus Van Sant,Matthew McConaughey,2015,5.9,7475
929,Good Kids,Comedy,Chris McCoy,Zoey Deutch,2016,6.1,3843
930,The Master,Drama,Paul Thomas Anderson,Philip Seymour Hoffman,2012,7.1,112902
931,Footloose,Comedy,Craig Brewer,Kenny Wormald,2011,5.9,39380
932,If I Stay,Drama,R.J. Cutler,Chloë Grace Moretz,2014,6.8,92170
933,The Ticket,Drama,Ido Fluk,Dan Stevens,2016,5.4,924
934,Detour,Thriller,Christopher Smith,Tye Sheridan,2016,6.3,2205
935,The Love Witch,Comedy,Anna Biller,Samantha Robinson,2016,6.2,4669
936,Talladega Nights: The Ballad of Ricky Bobby,Action,Adam McKay,Will Ferrell,2006,6.6,137502
937,The Human Centipede (First Sequence),Horror,Tom Six,Dieter Laser,2009,4.4,60655
938,Super,Comedy,James Gunn,Rainn Wilson,2010,6.8,64535
939,The Siege of Jadotville,Action,Richie Smyth,Jamie Dornan,2016,7.3,14689
940,Up in the Air,Drama,Jason Reitman,George Clooney,2009,7.4,279694
941,The Midnight Meat Train,Horror,Ryûhei Kitamura,Vinnie Jones,2008,6.1,50255
942,The Twilight Saga: Eclipse,Adventure,David Slade,Kristen Stewart,2010,4.9,192740
943,Transpecos,Thriller,Greg Kwedar,Johnny Simmons,2016,5.8,1292
944,What's Your Number?,Comedy,Mark Mylod,Anna Faris,2011,6.1,62095
945,Riddick,Action,David Twohy,Vin Diesel,2013,6.4,132098
946,Triangle,Fantasy,Christopher Smith,Melissa George,2009,6.9,72533
947,The Butler,Biography,Lee Daniels,Forest Whitaker,2013,7.2,93322
948,King Cobra,Crime,Justin Kelly,Garrett Clayton,2016,5.6,3990
949,After Earth,Action,M. Night Shyamalan,Jaden Smith,2013,4.9,166512
950,Kicks,Adventure,Justin Tipping,Jahking Guillory,2016,6.1,2417
951,Me and Earl and the Dying Girl,Comedy,Alfonso Gomez-Rejon,Thomas Mann,2015,7.8,92076
952,The Descendants,Comedy,Alexander Payne,George Clooney,2011,7.3,211348
953,Sex and the City 2,Comedy,Michael Patrick King,Sarah Jessica Parker,2010,4.3,62403
954,The Kings of Summer,Adventure,Jordan Vogt-Roberts,Nick Robinson,2013,7.2,65653
955,Death Race,Action,Paul W.S. Anderson,Jason Statham,2008,6.4,173731
956,That Awkward Moment,Comedy,Tom Gormican,Zac Efron,2014,6.2,81823
957,Legion,Action,Scott Stewart,Paul Bettany,2010,5.2,84158
958,End of Watch,Crime,David Ayer,Jake Gyllenhaal,2012,7.7,192190
959,3 Days to Kill,Action,McG,Kevin Costner,2014,6.2,73567
960,Lucky Number Slevin,Crime,Paul McGuigan,Josh Hartnett,2006,7.8,271940
961,Trance,Crime,Danny Boyle,James McAvoy,2013,7,97141
962,Into the Forest,Drama,Patricia Rozema,Ellen Page,2015,5.9,10220
963,The Other Boleyn Girl,Biography,Justin Chadwick,Natalie Portman,2008,6.7,88260
964,I Spit on Your Grave,Crime,Steven R. Monroe,Sarah Butler,2010,6.3,60133
965,Custody,Drama,James Lapine,Viola Davis,2016,6.9,280
966,Inland Empire,Drama,David Lynch,Laura Dern,2006,7,44227
967,L'odyssée,Adventure,Jérôme Salle,Lambert Wilson,2016,6.7,1810
968,The Walk,Adventure,Robert Zemeckis,Joseph Gordon-Levitt,2015,7.3,92378
969,Wrecker,Action,Micheal Bafaro,Anna Hutchison,2015,3.5,1210
970,The Lone Ranger,Action,Gore Verbinski,Johnny Depp,2013,6.5,190855
971,Texas Chainsaw 3D,Horror,John Luessenhop,Alexandra Daddario,2013,4.8,37060
972,Disturbia,Drama,D.J. Caruso,Shia LaBeouf,2007,6.9,193491
973,Rock of Ages,Comedy,Adam Shankman,Julianne Hough,2012,5.9,64513
974,Scream 4,Horror,Wes Craven,Neve Campbell,2011,6.2,108544
975,Queen of Katwe,Biography,Mira Nair,Madina Nalwanga,2016,7.4,6753
976,My Big Fat Greek Wedding 2,Comedy,Kirk Jones,Nia Vardalos,2016,6,20966
977,Dark Places,Drama,Gilles Paquet-Brenner,Charlize Theron,2015,6.2,31634
978,Amateur Night,Comedy,Lisa Addario,Jason Biggs,2016,5,2229
979,It's Only the End of the World,Drama,Xavier Dolan,Nathalie Baye,2016,7,10658
980,The Skin I Live In,Drama,Pedro Almodóvar,Antonio Banderas,2011,7.6,108772
981,Miracles from Heaven,Biography,Patricia Riggen,Jennifer Garner,2016,7,12048
982,Annie,Comedy,Will Gluck,Quvenzhané Wallis,2014,5.3,27312
983,Across the Universe,Drama,Julie Taymor,Evan Rachel Wood,2007,7.4,95172
984,Let's Be Cops,Comedy,Luke Greenfield,Jake Johnson,2014,6.5,112729
985,Max,Adventure,Boaz Yakin,Thomas Haden Church,2015,6.8,21405
986,Your Highness,Adventure,David Gordon Green,Danny McBride,2011,5.6,87904
987,Final Destination 5,Horror,Steven Quale,Nicholas D'Agosto,2011,5.9,88000
988,Endless Love,Drama,Shana Feste,Gabriella Wilde,2014,6.3,33688
989,Martyrs,Horror,Pascal Laugier,Morjana Alaoui,2008,7.1,63785
990,Selma,Biography,Ava DuVernay,David Oyelowo,2014,7.5,67637
991,Underworld: Rise of the Lycans,Action,Patrick Tatopoulos,Rhona Mitra,2009,6.6,129708
992,Taare Zameen Par,Drama,Aamir Khan,Darsheel Safary,2007,8.5,102697
993,Take Me Home Tonight,Comedy,Michael Dowse,Topher Grace,2011,6.3,45419
994,Resident Evil: Afterlife,Action,Paul W.S. Anderson,Milla Jovovich,2010,5.9,140900
995,Project X,Comedy,Nima Nourizadeh,Thomas Mann,2012,6.7,164088
996,Secret in Their Eyes,Crime,Billy Ray,Chiwetel Ejiofor,2015,6.2,27585
997,Hostel: Part II,Horror,Eli Roth,Lauren German,2007,5.5,73152
998,Step Up 2: The Streets,Drama,Jon M. Chu,Robert Hoffman,2008,6.2,70699
999,Search Party,Adventure,Scot Armstrong,Adam Pally,2014,5.6,4881
1000,Nine Lives,Comedy,Barry Sonnenfeld,Kevin Spacey,2016,5.3,12435
